<?xml version="1.0" encoding="UTF-8"?>
<feature
      id="org.scenariotools.sml.sml2latex.feature"
      label="ScenarioTools SML Specification to LaTeX Transformation"
      version="1.0.0.qualifier"
      license-feature="org.scenariotools.license.feature"
      license-feature-version="0.1.0.qualifier">

   <description>
      An automatic transformation to generate LaTeX from SML specifications in order to view SML scenarios in a Live Sequence Chart-like syntax.
   </description>

   <license url="http://www.example.com/license">
      [Enter License Description here.]
   </license>

   <requires>
      <import plugin="org.eclipse.ui"/>
      <import plugin="org.eclipse.core.runtime"/>
      <import plugin="org.eclipse.emf.ecore" version="2.11.2" match="greaterOrEqual"/>
      <import plugin="org.eclipse.core.resources" version="3.10.1" match="greaterOrEqual"/>
      <import plugin="com.google.guava" version="15.0.0" match="greaterOrEqual"/>
      <import plugin="org.eclipse.xtext.xbase.lib" version="2.10.0" match="greaterOrEqual"/>
      <import plugin="org.eclipse.xtend.lib" version="2.10.0" match="greaterOrEqual"/>
      <import plugin="org.eclipse.ui.ide" version="3.11.0" match="greaterOrEqual"/>
      <import plugin="org.scenariotools.sml.model" version="0.1.0" match="greaterOrEqual"/>
      <import plugin="org.eclipse.xtext" version="2.10.0" match="greaterOrEqual"/>
   </requires>

   <plugin
         id="org.scenariotools.sml.sml2latex"
         download-size="0"
         install-size="0"
         version="0.0.0"
         unpack="false"/>

</feature>
