<?xml version="1.0" encoding="UTF-8"?>
<feature
      id="org.scenariotools.core.feature"
      label="ScenarioTools (Core)"
      version="1.0.0.qualifier"
      provider-name="scenariotools.org"
      license-feature="org.scenariotools.license.feature"
      license-feature-version="0.1.0.qualifier">

   <description url="http://scenariotools.org/">
      The core feature set of ScenarioTools.
   </description>

   <license url="http://www.example.com/license">
      [Enter License Description here.]
   </license>

   <requires>
      <import plugin="org.eclipse.xtext"/>
      <import plugin="org.eclipse.equinox.common" version="3.5.0" match="greaterOrEqual"/>
      <import plugin="org.eclipse.xtext.util"/>
      <import plugin="org.eclipse.xtext.xbase.lib"/>
      <import plugin="org.antlr.runtime"/>
      <import plugin="org.eclipse.xtext.common.types"/>
      <import plugin="org.scenariotools.sml.collaboration" version="1.0.0" match="greaterOrEqual"/>
      <import plugin="org.scenariotools.sml.expressions" version="0.1.0" match="greaterOrEqual"/>
      <import plugin="org.eclipse.xtext.ecore"/>
      <import plugin="org.apache.log4j"/>
      <import plugin="org.eclipse.xtext.ui"/>
      <import plugin="org.eclipse.ui.editors" version="3.5.0" match="greaterOrEqual"/>
      <import plugin="org.eclipse.ui.ide" version="3.5.0" match="greaterOrEqual"/>
      <import plugin="org.eclipse.xtext.ui.shared"/>
      <import plugin="org.eclipse.ui"/>
      <import plugin="org.eclipse.xtext.builder"/>
      <import plugin="org.eclipse.xtext.ui.codetemplates.ui"/>
      <import plugin="org.eclipse.compare"/>
      <import plugin="org.scenariotools.sml.expressions.ui" version="0.1.0" match="greaterOrEqual"/>
      <import plugin="org.scenariotools.sml.model" version="0.1.0" match="greaterOrEqual"/>
      <import plugin="org.eclipse.core.runtime"/>
      <import plugin="org.eclipse.emf.ecore"/>
      <import plugin="org.eclipse.emf.ecore.xmi"/>
      <import plugin="org.eclipse.jdt.core" version="3.8.1" match="greaterOrEqual"/>
      <import plugin="org.eclipse.jdt.launching" version="3.6.100" match="greaterOrEqual"/>
      <import plugin="org.eclipse.debug.core" version="3.7.100" match="greaterOrEqual"/>
      <import plugin="com.tools.logging" version="1.0.0" match="greaterOrEqual"/>
      <import plugin="org.eclipse.core.resources"/>
      <import plugin="org.eclipse.debug.ui"/>
      <import plugin="org.eclipse.jface"/>
      <import plugin="org.eclipse.ui.workbench"/>
      <import plugin="org.eclipse.emf.codegen.ecore"/>
      <import plugin="org.scenariotools.sml.runtime.configuration.model" version="0.1.0" match="greaterOrEqual"/>
      <import plugin="org.scenariotools.sml.runtime.configuration" version="0.1.0" match="greaterOrEqual"/>
      <import plugin="org.eclipse.debug.ui" version="3.7.102" match="greaterOrEqual"/>
      <import plugin="org.eclipse.ui.forms" version="3.5.101" match="greaterOrEqual"/>
      <import plugin="org.eclipse.emf.common" version="2.7.0" match="greaterOrEqual"/>
      <import plugin="org.eclipse.ui.ide" version="3.7.0" match="greaterOrEqual"/>
      <import plugin="org.eclipse.ui.console"/>
      <import plugin="org.eclipse.jdt.ui"/>
      <import plugin="org.eclipse.emf.edit.ui" version="2.8.0" match="greaterOrEqual"/>
      <import plugin="org.eclipse.swt"/>
      <import plugin="org.scenariotools.sml.debug.ui" version="0.1.0" match="greaterOrEqual"/>
      <import plugin="org.eclipse.zest.core"/>
      <import plugin="org.eclipse.zest.layouts" version="1.1.100" match="greaterOrEqual"/>
      <import plugin="org.eclipse.emf.edit"/>
      <import plugin="org.eclipse.emf.ecore.edit"/>
      <import plugin="org.scenariotools.sml.expressions.model" version="0.1.0" match="greaterOrEqual"/>
      <import plugin="com.google.guava"/>
      <import plugin="org.eclipse.xtend.lib"/>
      <import plugin="org.eclipse.xtend.lib.macro"/>
      <import plugin="org.eclipse.xtext.common.types.ui"/>
      <import plugin="org.eclipse.core.resources" version="3.10.0" match="greaterOrEqual"/>
      <import plugin="org.eclipse.emf.codegen.ecore.ui"/>
      <import plugin="org.eclipse.zest.core" version="1.5.100" match="greaterOrEqual"/>
      <import plugin="org.scenariotools.sml.collaboration.ui" version="1.0.0" match="greaterOrEqual"/>
      <import plugin="org.eclipse.xtend"/>
      <import plugin="org.eclipse.xpand"/>
      <import plugin="org.eclipse.ui.ide" version="3.11.0" match="greaterOrEqual"/>
      <import plugin="org.eclipse.emf.ecore" version="2.11.1" match="greaterOrEqual"/>
      <import plugin="org.scenariotools.runtime" version="0.1.0" match="greaterOrEqual"/>
      <import plugin="org.scenariotools.sml.runtime" version="0.1.0" match="greaterOrEqual"/>
      <import plugin="org.scenariotools.events" version="0.1.0" match="greaterOrEqual"/>
      <import plugin="org.eclipse.xtend.lib" version="2.8.3" match="greaterOrEqual"/>
      <import plugin="com.google.inject"/>
      <import plugin="org.eclipse.osgi" version="3.10.100" match="greaterOrEqual"/>
      <import plugin="org.eclipse.emf.ecore.editor" version="2.11.0" match="greaterOrEqual"/>
      <import plugin="org.apache.log4j" version="1.2.15" match="greaterOrEqual"/>
      <import feature="org.eclipse.gef" version="3.11.0.201606061308"/>
      <import feature="org.eclipse.gef.sdk" version="3.11.0.201606061308"/>
      <import feature="org.eclipse.gef4.zest.sdk" version="1.1.0.201609060946"/>
      <import feature="org.eclipse.xtext.sdk" version="2.10.0.v201605250459" match="greaterOrEqual"/>
   </requires>

   <plugin
         id="org.scenariotools.sml"
         download-size="0"
         install-size="0"
         version="0.0.0"
         unpack="false"/>

   <plugin
         id="org.scenariotools.sml.collaboration"
         download-size="0"
         install-size="0"
         version="0.0.0"
         unpack="false"/>

   <plugin
         id="org.scenariotools.sml.collaboration.ui"
         download-size="0"
         install-size="0"
         version="0.0.0"
         unpack="false"/>

   <plugin
         id="org.scenariotools.sml.debug"
         download-size="0"
         install-size="0"
         version="0.0.0"
         unpack="false"/>

   <plugin
         id="org.scenariotools.sml.debug.ui"
         download-size="0"
         install-size="0"
         version="0.0.0"
         unpack="false"/>

   <plugin
         id="org.scenariotools.sml.debug.ui.historyviews"
         download-size="0"
         install-size="0"
         version="0.0.0"
         unpack="false"/>

   <plugin
         id="org.scenariotools.sml.edit"
         download-size="0"
         install-size="0"
         version="0.0.0"
         unpack="false"/>

   <plugin
         id="org.scenariotools.sml.expressions"
         download-size="0"
         install-size="0"
         version="0.0.0"
         unpack="false"/>

   <plugin
         id="org.scenariotools.sml.expressions.edit"
         download-size="0"
         install-size="0"
         version="0.0.0"
         unpack="false"/>

   <plugin
         id="org.scenariotools.sml.expressions.model"
         download-size="0"
         install-size="0"
         version="0.0.0"
         unpack="false"/>

   <plugin
         id="org.scenariotools.sml.expressions.ui"
         download-size="0"
         install-size="0"
         version="0.0.0"
         unpack="false"/>

   <plugin
         id="org.scenariotools.sml.model"
         download-size="0"
         install-size="0"
         version="0.0.0"
         unpack="false"/>

   <plugin
         id="org.scenariotools.sml.runtime"
         download-size="0"
         install-size="0"
         version="0.0.0"
         unpack="false"/>

   <plugin
         id="org.scenariotools.sml.runtime.configuration"
         download-size="0"
         install-size="0"
         version="0.0.0"
         unpack="false"/>

   <plugin
         id="org.scenariotools.sml.runtime.configuration.edit"
         download-size="0"
         install-size="0"
         version="0.0.0"
         unpack="false"/>

   <plugin
         id="org.scenariotools.sml.runtime.configuration.model"
         download-size="0"
         install-size="0"
         version="0.0.0"
         unpack="false"/>

   <plugin
         id="org.scenariotools.sml.runtime.configuration.ui"
         download-size="0"
         install-size="0"
         version="0.0.0"
         unpack="false"/>

   <plugin
         id="org.scenariotools.sml.runtime.configuration.ui.createfromselection"
         download-size="0"
         install-size="0"
         version="0.0.0"
         unpack="false"/>

   <plugin
         id="org.scenariotools.sml.runtime.edit"
         download-size="0"
         install-size="0"
         version="0.0.0"
         unpack="false"/>

   <plugin
         id="org.scenariotools.sml.simulation"
         download-size="0"
         install-size="0"
         version="0.0.0"
         unpack="false"/>

   <plugin
         id="org.scenariotools.sml.simulation.ui"
         download-size="0"
         install-size="0"
         version="0.0.0"
         unpack="false"/>

   <plugin
         id="org.scenariotools.sml.ui"
         download-size="0"
         install-size="0"
         version="0.0.0"
         unpack="false"/>

   <plugin
         id="org.scenariotools.sml.ui.actions"
         download-size="0"
         install-size="0"
         version="0.0.0"
         unpack="false"/>

   <plugin
         id="org.scenariotools.sml.wizards"
         download-size="0"
         install-size="0"
         version="0.0.0"
         unpack="false"/>

   <plugin
         id="org.scenariotools.builder"
         download-size="0"
         install-size="0"
         version="0.0.0"
         unpack="false"/>

   <plugin
         id="org.scenariotools.events"
         download-size="0"
         install-size="0"
         version="0.0.0"
         unpack="false"/>

   <plugin
         id="org.scenariotools.events.edit"
         download-size="0"
         install-size="0"
         version="0.0.0"
         unpack="false"/>

   <plugin
         id="org.scenariotools.output.graphviz"
         download-size="0"
         install-size="0"
         version="0.0.0"
         unpack="false"/>

   <plugin
         id="org.scenariotools.output.strategy"
         download-size="0"
         install-size="0"
         version="0.0.0"
         unpack="false"/>

   <plugin
         id="org.scenariotools.runtime"
         download-size="0"
         install-size="0"
         version="0.0.0"
         unpack="false"/>

   <plugin
         id="org.scenariotools.runtime.edit"
         download-size="0"
         install-size="0"
         version="0.0.0"
         unpack="false"/>

   <plugin
         id="org.scenariotools.runtime.editor"
         download-size="0"
         install-size="0"
         version="0.0.0"
         unpack="false"/>

   <plugin
         id="org.scenariotools.stategraph"
         download-size="0"
         install-size="0"
         version="0.0.0"
         unpack="false"/>

   <plugin
         id="org.scenariotools.stategraph.edit"
         download-size="0"
         install-size="0"
         version="0.0.0"
         unpack="false"/>

   <plugin
         id="org.scenariotools.xtext.persister"
         download-size="0"
         install-size="0"
         version="0.0.0"
         unpack="false"/>

   <plugin
         id="org.scenariotools.xtext.resources.xmi"
         download-size="0"
         install-size="0"
         version="0.0.0"
         unpack="false"/>

   <plugin
         id="org.scenariotools.xtext.resources.xmi.ui.xmi"
         download-size="0"
         install-size="0"
         version="0.0.0"
         unpack="false"/>

   <plugin
         id="com.tools.logging"
         download-size="0"
         install-size="0"
         version="0.0.0"
         unpack="false"/>

   <plugin
         id="org.scenariotools.sml.runtime.editor"
         download-size="0"
         install-size="0"
         version="0.0.0"
         unpack="false"/>

</feature>
