<?xml version="1.0" encoding="UTF-8"?>
<feature
      id="org.scenariotools.sml.synthesis.feature"
      label="%featureName"
      version="1.0.0.qualifier"
      provider-name="%providerName"
      license-feature="org.scenariotools.license.feature"
      license-feature-version="0.1.0.qualifier">

   <description url="http://scenariotools.org/controller-synthesis/">
      %description
   </description>

   <requires>
      <import plugin="org.eclipse.core.runtime"/>
      <import plugin="org.scenariotools.runtime"/>
      <import plugin="org.scenariotools.stategraph"/>
      <import plugin="org.eclipse.xtext.ui"/>
      <import plugin="org.eclipse.ui"/>
      <import plugin="org.eclipse.core.resources" version="3.8.0" match="greaterOrEqual"/>
      <import plugin="org.scenariotools.sml.runtime" version="0.1.0" match="greaterOrEqual"/>
      <import plugin="org.scenariotools.sml.model" version="0.1.0" match="greaterOrEqual"/>
      <import plugin="org.scenariotools.sml.runtime.configuration.model"/>
      <import plugin="org.eclipse.emf.ecore.xmi"/>
      <import plugin="org.eclipse.jdt.ui"/>
      <import plugin="org.eclipse.zest.core"/>
      <import plugin="org.eclipse.zest.layouts" version="1.1.100" match="greaterOrEqual"/>
      <import plugin="org.scenariotools.sml.debug.ui.historyviews" version="0.1.0" match="greaterOrEqual"/>
      <import plugin="org.eclipse.xtext" version="2.10.0" match="greaterOrEqual"/>
      <import plugin="org.scenariotools.emf.objectmodellanguage.eoml"/>
      <import plugin="org.eclipse.xtext.ui" version="2.10.0" match="greaterOrEqual"/>
      <import plugin="org.eclipse.ui.ide" version="3.11.0" match="greaterOrEqual"/>
      <import plugin="org.eclipse.core.filesystem" version="1.5.0" match="greaterOrEqual"/>
      <import plugin="org.eclipse.ui.workbench"/>
      <import plugin="org.eclipse.jface"/>
      <import plugin="org.eclipse.swt"/>
      <import plugin="org.eclipse.gef4.dot"/>
      <import plugin="org.eclipse.compare"/>
      <import plugin="org.eclipse.emf.compare"/>
      <import plugin="org.eclipse.emf.compare.edit"/>
      <import plugin="org.eclipse.emf.compare.ide.ui"/>
      <import plugin="org.eclipse.draw2d"/>
      <import plugin="org.eclipse.core.jobs"/>
      <import feature="org.eclipse.rcp" version="4.5" match="compatible"/>
      <import feature="org.eclipse.platform" version="4.5" match="compatible"/>
      <import feature="org.eclipse.gef.sdk" version="3.11.0.201606061308"/>
      <import feature="org.eclipse.gef4.dot.sdk" version="1.0.1.201609060946"/>
      <import feature="org.eclipse.gef4.zest.sdk" version="1.1.0.201609060946"/>
      <import plugin="com.tools.logging"/>
      <import plugin="com.tools.logging" version="1.0.0" match="greaterOrEqual"/>
      <import feature="org.scenariotools.core.feature" version="1.0.0.qualifier"/>
   </requires>

   <plugin
         id="org.scenariotools.sml.synthesis.ui"
         download-size="0"
         install-size="0"
         version="0.0.0"
         unpack="false"/>

   <plugin
         id="org.scenariotools.sml.synthesis.benchmark.ui"
         download-size="0"
         install-size="0"
         version="0.0.0"
         unpack="false"/>

   <plugin
         id="org.scenariotools.sml.synthesis.dfs"
         download-size="0"
         install-size="0"
         version="0.0.0"
         unpack="false"/>

   <plugin
         id="org.scenariotools.sml.synthesis.dfs.benchmark.ui"
         download-size="0"
         install-size="0"
         version="0.0.0"
         unpack="false"/>

   <plugin
         id="org.scenariotools.sml.synthesis.dfs.ui"
         download-size="0"
         install-size="0"
         version="0.0.0"
         unpack="false"/>

   <plugin
         id="org.scenariotools.sml.synthesis.gr1"
         download-size="0"
         install-size="0"
         version="0.0.0"
         unpack="false"/>

   <plugin
         id="org.scenariotools.sml.synthesis.gr1.ui"
         download-size="0"
         install-size="0"
         version="0.0.0"
         unpack="false"/>

   <plugin
         id="org.scenariotools.sml.synthesis.otfb"
         download-size="0"
         install-size="0"
         version="0.0.0"
         unpack="false"/>

   <plugin
         id="org.scenariotools.sml.synthesis.otfb.benchmark.ui"
         download-size="0"
         install-size="0"
         version="0.0.0"
         unpack="false"/>

   <plugin
         id="org.scenariotools.sml.synthesis.otfb.ui"
         download-size="0"
         install-size="0"
         version="0.0.0"
         unpack="false"/>

   <plugin
         id="org.scenariotools.sml.synthesis.stategraph.ui"
         download-size="0"
         install-size="0"
         version="0.0.0"
         unpack="false"/>

</feature>
