<?xml version="1.0" encoding="UTF-8"?>
<feature
      id="org.scenariotools.emf.objectmodellanguage.feature"
      label="ScenarioTools Object Model DSL"
      version="1.0.0.qualifier"
      provider-name="scenariotools.org"
      license-feature="org.scenariotools.license.feature"
      license-feature-version="0.1.0.qualifier">

   <description>
      A textual DSL for viewing a ScenarioTools object model.
   </description>

   <license url="http://www.example.com/license">
      [Enter License Description here.]
   </license>

   <requires>
      <import plugin="org.eclipse.core.runtime"/>
      <import plugin="org.eclipse.emf.ecore"/>
      <import plugin="org.eclipse.xtext"/>
      <import plugin="org.eclipse.xtext.xbase"/>
      <import plugin="org.eclipse.equinox.common"/>
      <import plugin="org.eclipse.ui"/>
      <import plugin="org.eclipse.ui.ide"/>
      <import plugin="org.eclipse.xtext.xbase.lib"/>
      <import plugin="org.antlr.runtime"/>
      <import plugin="org.eclipse.xtext.util"/>
      <import plugin="org.eclipse.xtend.lib"/>
      <import plugin="org.eclipse.core.resources"/>
      <import plugin="org.apache.log4j"/>
      <import plugin="org.eclipse.xtext.ide"/>
      <import plugin="org.eclipse.xtext.xbase.ide"/>
      <import plugin="org.eclipse.xtext.ui"/>
      <import plugin="org.eclipse.xtext.ui.shared"/>
      <import plugin="org.eclipse.xtext.ui.codetemplates.ui"/>
      <import plugin="org.eclipse.ui.editors"/>
      <import plugin="org.eclipse.compare"/>
      <import plugin="org.eclipse.xtext.builder"/>
   </requires>

   <plugin
         id="org.scenariotools.emf.objectmodellanguage"
         download-size="0"
         install-size="0"
         version="0.0.0"
         unpack="false"/>

   <plugin
         id="org.scenariotools.emf.objectmodellanguage.eoml"
         download-size="0"
         install-size="0"
         version="0.0.0"
         unpack="false"/>

   <plugin
         id="org.scenariotools.emf.objectmodellanguage.eoml.ide"
         download-size="0"
         install-size="0"
         version="0.0.0"
         unpack="false"/>

   <plugin
         id="org.scenariotools.emf.objectmodellanguage.eoml.ui"
         download-size="0"
         install-size="0"
         version="0.0.0"
         unpack="false"/>

</feature>
