<?xml version="1.0" encoding="UTF-8"?>
<feature
      id="org.scenariotools.sml.runtime.henshin.feature"
      label="%featureName"
      version="1.0.0.qualifier"
      provider-name="%providerName"
      license-feature="org.scenariotools.license.feature"
      license-feature-version="0.1.0.qualifier">

   <description url="http://scenariotools.org/henshin-model-transformation/">
      %description
   </description>

   <url>
      <discovery label="Henshin Releases" url="http://download.eclipse.org/modeling/emft/henshin/updates/release/"/>
   </url>

   <requires>
      <import feature="org.scenariotools.core.feature" version="1.0.0.qualifier"/>
      <import feature="org.eclipse.emf.henshin.sdk" version="1.2.0.qualifier" match="greaterOrEqual"/>
      <import plugin="org.eclipse.core.runtime"/>
      <import plugin="org.eclipse.emf.ecore"/>
      <import plugin="org.scenariotools.events"/>
      <import plugin="org.scenariotools.sml.runtime"/>
      <import plugin="org.scenariotools.sml.expressions.model"/>
      <import plugin="org.scenariotools.sml.model"/>
      <import plugin="org.scenariotools.stategraph"/>
      <import plugin="org.eclipse.emf.codegen.ecore"/>
      <import plugin="org.eclipse.core.resources" version="3.9.1" match="greaterOrEqual"/>
      <import plugin="org.eclipse.emf.henshin.model"/>
      <import plugin="org.scenariotools.runtime"/>
      <import plugin="org.eclipse.emf.henshin.interpreter"/>
      <import plugin="org.scenariotools.sml.runtime.configuration.model" version="0.1.0" match="greaterOrEqual"/>
   </requires>

   <plugin
         id="org.scenariotools.sml.runtime.henshin"
         download-size="0"
         install-size="0"
         version="0.0.0"
         unpack="false"/>

</feature>
